"year","own-iq","neighbor-iq"
2025,120,120
2025,108,115
2025,122,128
2025,115,115
2025,130,120
2025,100,100
2025,110,130
2025,110,120
2025,116,130
2025,100,115
2025,115,120
2025,100,100
2025,115,110
2025,122,115
2025,115,115
2025,112,130
2025,120,110
2025,180,181
2025,125,72
2025,110,110
2025,110,140
2025,128,120
2025,115,120
2025,110,80
2025,130,110
2025,125,120
2025,120,120
2025,120,120
2025,72,105
2025,100,110
2025,101,150
2025,120,130
2025,110,105
2025,110,110
2025,110,140
2025,100,120
2025,110,115
2025,100,110
2025,130,132
2025,128,130
2025,120,120
2025,110,105
2025,110,112
2025,100,120
2025,120,120
2025,120,140
2025,105,125
2025,105,105
2025,110,120
2025,130,125
2025,200,50
2025,120,129
2025,115,115
2025,130,130
2025,130,110
2025,180,200
2025,120,130
2025,98,125
2025,105,120
2025,200,50
2025,115,140
2025,130,110
2025,135,125
2025,115,120
2025,120,110
2025,120,120
2025,110,100
2025,131,131
2025,200,100
2025,110,119
2025,140,80
2025,125,123
2025,126,120
2025,115,120
2025,110,110
2025,120,110
2025,120,124
2025,100,100
2025,103,105
2025,125,110
2025,136,140
2025,128,130
2025,112,120
2025,138,130
2025,110,90
2025,125,115
2025,100,110
2025,120,115
2025,138,128
2025,130,130
2025,110,110
2025,90,92
2025,141,135
2025,132,138
2025,125,125
2025,120,138
2026,130,130
2026,110,110
2026,100,110
2026,110,100
2026,120,120
2026,110,115
2026,118,110
2026,240,67
2026,143,135
2026,110,105
2026,116,109
2026,100,100
2026,167,101
2026,115,120
2026,200,250
2026,108,110
2026,95,110
2026,124,115
2026,147,118
2026,130,100
2026,102,90
2026,105,105
2026,100,110
2026,135,120
2026,124,130
2026,100,100
2026,250,60
2026,110,100
2026,107,102
2026,120,110
2026,115,120
2026,120,110
2026,100,110
2026,100,100
2026,100,50
2026,150,50
2026,120,125
2026,70,75
2026,110,110
2026,120,130
2026,145,50
2026,135,125
2026,125,126
2026,110,120
2026,140,120
2026,115,115
2026,130,125
2026,129,122
2026,120,130
2026,105,105
2026,100,100
2026,100,100
2026,120,120
2026,98,110
2026,110,105
2026,50,60
2026,120,130
2026,114,125
2026,130,125
2026,115,116
2026,125,100
2026,135,67
2026,130,120
2026,115,160
2026,110,110
2026,130,130
2026,116,140
2026,115,125
2026,110,130
2026,135,120
2026,115,50
2026,160,100
2026,107,115
2026,130,130
2026,130,140
2026,111,136
2026,118,119
2026,80,111
2026,130,118
2026,110,120
2026,135,113
2026,130,121
2026,115,120
2026,50,200
2026,110,140
2026,127,131
2026,128,110
