"own-iq","neighbor-iq"
130,130
110,110
100,110
110,100
120,120
110,115
118,110
240,67
143,135
110,105
116,109
100,100
167,101
115,120
200,250
108,110
95,110
124,115
147,118
130,100
102,90
105,105
100,110
135,120
124,130
100,100
250,60
110,100
107,102
120,110
115,120
120,110
100,110
100,100
100,50
150,50
120,125
70,75
110,110
120,130
145,50
135,125
125,126
110,120
140,120
115,115
130,125
129,122
120,130
105,105
100,100
100,100
120,120
98,110
110,105
50,60
120,130
114,125
130,125
115,116
125,100
135,67
130,120
115,160
110,110
130,130
116,140
115,125
110,130
135,120
115,50
160,100
107,115
130,130
130,140
111,136
118,119
80,111
130,118
110,120
135,113
130,121
115,120
50,200
110,140
127,131
128,110
